,name,empty_slots,free_bikes,slots,latitude,longitude
0,Cégep Marie-Victorin,9,2,11,45.617499783128075,-73.60601127147675
1,Gare d'autocars de Montréal (Berri / Ontario),0,11,15,45.516926210319546,-73.56425732374191
2,Molson / William-Tremblay,12,2,15,45.54154850456526,-73.56501236557959
3,Ateliers municipaux de St-Laurent (Cavendish / Poirier),4,13,19,45.506175841460966,-73.71118605136871
4,Place Rodolphe-Rousseau (Gohier / Édouard-Laurin),9,11,25,45.5129938566323,-73.68249848484993
5,Centre des loisirs (Tassé / Grenet),10,4,15,45.51473429416659,-73.69144901633263
6,Parc Marlborough (Beauzèle / Robichaud),12,1,15,45.52234149817879,-73.72167885303497
7,Champdoré / de Lorimier,0,12,15,45.566869345371856,-73.64101678133011
8,Parc Villeray (Christophe-Colomb / Jarry),10,5,15,45.54813638885782,-73.62434014678001
9,Beurling / Godin,14,5,19,45.44791581215845,-73.58381867408752
10,Kirkfield / de Chambois,11,15,27,45.51293324107222,-73.63389015197754
11,Parc des Rapides (LaSalle / 6e avenue),15,6,23,45.42947143740888,-73.59309915918857
12,Métro Longueuil - Université de Sherbrooke,18,12,35,45.52331869398737,-73.52012693881989
13,St-Charles / Montarville,7,8,15,45.53368199320325,-73.51526074111462
14,Collège Édouard-Montpetit (de Gentilly / de Normandie),13,4,18,45.53722603812578,-73.49506705999374
15,Place Longueuil,1,11,15,45.52841043752244,-73.51716578006744
16,Place du Commerce,30,0,33,45.46714,-73.54259
17,Marché Maisonneuve,17,4,22,45.55321884238814,-73.53978216648102
18,Parc Maisonneuve (Viau / Sherbrooke),21,0,23,45.56493679334249,-73.5555911064148
19,Parc Kent (de Kent / Hudson),27,0,27,45.5057209331225,-73.62945914268494
20,Métro Champ-de-Mars (Viger / Sanguinet),33,0,35,45.51016276368593,-73.55663707494385
21,Rachel / de Brébeuf,24,3,29,45.52689,-73.57264
22,Aréna Rodrigue-Gilbert (du Tricentenaire / de Montigny),8,7,15,45.65140583915357,-73.50041270256041
23,Parc St-Laurent (Salk / Thomas-Chapais),13,4,19,45.6062348,-73.6287838
24,Notre-Dame / St-Gabriel,4,10,15,45.50714391928411,-73.55511903762817
25,Casino de Montréal,21,12,34,45.5063732,-73.52457672
26,La Ronde,2,19,23,45.52156536710626,-73.53533238172531
27,U. Concordia - Campus Loyola (Sherbrooke / West Broadway),17,5,27,45.45750908083069,-73.6394852399826
28,Parc Labelle (LaSalle / Henri-Duhamel),10,8,19,45.47256100297732,-73.56998920440674
29,des Ormeaux / de Grosbois,12,1,15,45.605901731906485,-73.53436946868896
30,Parc Reine-Élizabeth (Penniston / Crawford),3,11,15,45.43914465255811,-73.59173655509949
31,Parc de la Confédération (Fielding / West Hill),7,15,23,45.471881993586074,-73.64002168178558
32,Bibliothèque d'Ahuntsic (Lajeunesse / Fleury),2,6,15,45.5534000891078,-73.66225451231003
33,Centre ÉPIC (St-Zotique / 40e avenue),19,3,23,45.57414703721992,-73.57462137937546
34,Bélanger / des Galeries d'Anjou,10,6,23,45.59722114932571,-73.56279015541077
35,Cité des Arts du Cirque (Paul Boutet / des Regrattiers),20,10,34,45.55984236120471,-73.61544728279114
36,Jardin Botanique (Pie-IX / Sherbrooke),0,24,24,45.554946972033726,-73.55529472231865
37,Rosemont / Viau,19,0,23,45.56833021674857,-73.56666326522826
38,Parc Stoney-Point (St-Joseph / 47e avenue),1,16,19,45.43656827071224,-73.70836973190308
39,Parc LaSalle (10e avenue / Victoria),9,9,19,45.43805550384184,-73.67273926734924
40,Elgar / de l'Île-des-Sœurs,3,10,14,45.45682318753668,-73.546804189682
41,St-Jacques / des Seigneurs,11,11,23,45.489185716082275,-73.57190027832984
42,O'Brien / Poirier,16,5,23,45.52252484113786,-73.69143962860107
43,Thimens / Alexis-Nihon,17,8,27,45.50897852206792,-73.69856357574463
44,Parc Van Horne (de la Peltrie / de Westbury),14,1,15,45.490494421832885,-73.63852232694626
45,Hôpital Sacré-Coeur (Forbes),7,4,13,45.531943590076395,-73.71360540390015
46,Atwater / Greene,4,20,25,45.480495143306044,-73.57782661914825
47,Atwater / Sherbrooke,13,10,23,45.4912258547597,-73.58763009309769
48,Mairie d'arrondissement Montréal-Nord (Hébert / de Charleroi),21,0,21,45.59398503487043,-73.63767206668854
49,Omer-Lavallée / du Midway,12,5,18,45.5457759528664,-73.56217458844185
50,Parc Noel-Nord (Toupin / Keller),9,8,19,45.51758306374252,-73.72661411762238
51,Parc du Bois-Franc (de l'Équateur / des Andes),3,16,19,45.51317758246596,-73.71306091547012
52,Parc Grovehill (St-Antoine / Ivan-Franko),4,9,15,45.43982382100397,-73.69487822055817
53,Bibliothèque Jean-Corbeil (Goncourt / Place Montrichard),10,1,11,45.6027276,-73.5579303
54,Aréna Chaumont (Chaumont / des Ormeaux),8,8,19,45.610926628992026,-73.54673445224762
55,Parc Chamberland (Dorais / de l'Église),14,4,19,45.502989,-73.689113
56,Parc Summerlea (53e avenue / St-Joseph),1,12,15,45.43836713933041,-73.71546685695648
57,Parc Kirkland (des Érables / Boyer),7,8,15,45.44606092178209,-73.65079946815968
58,William / Robert-Bourassa,18,2,21,45.49716534003792,-73.55933010578154
59,Quai de la navette fluviale,13,6,19,45.51366626207095,-73.53842496871948
60,St-Antoine / de la Montagne,13,6,19,45.49537171535007,-73.56858909130096
61,Lapierre / Serge,11,2,15,45.43854405099729,-73.62021625041962
62,Parc St-Louis (St-Joseph / 34e avenue),7,18,27,45.432839840726125,-73.69349151849747
63,Victoria / 18e avenue Lachine,5,8,15,45.43579350588776,-73.6801904439926
64,LaSalle / 80e avenue,12,10,23,45.4157471675921,-73.63751649856567
65,LaSalle / 37e avenue,0,21,23,45.41631023854958,-73.61291594803333
66,Métro Jolicoeur (de Sève / Drake),1,16,19,45.45608545783109,-73.58193710446358
67,Duchesneau / de Marseille,26,1,27,45.60962627826218,-73.52273898082785
68,Papineau / Émile-Journault,19,12,35,45.55988367688166,-73.63356828689575
69,LaSalle / Godin,25,2,27,45.44693448484644,-73.57219934463501
70,Parc Delorme (Malouin / Laferté),18,1,19,45.5904902,-73.5902694
71,Parc Luigi-Pirandello (de Bretagne / Jean-Rivard),8,5,15,45.57940569041942,-73.60258877277374
72,Parc Beaulac (rue Élizabeth),7,8,15,45.5200557245067,-73.67795147001743
73,Parc St-Laurent (Dutrisac),7,11,19,45.52591381815231,-73.68911147117615
74,CHSLD St-Michel (8e avenue / Jarry),13,2,15,45.5616903,-73.610512
75,Georges-Vanier / Notre-Dame,15,4,19,45.485047979822774,-73.5719633102417
76,Travaux publics LaSalle (Cordner / Léger),13,2,15,45.44527192876118,-73.62448364496231
77,Parc de Dieppe,25,8,35,45.501863463435576,-73.5439610481262
78,Terminus Newman (Airlie / Lafleur),7,11,19,45.425059666150744,-73.64959917962551
79,Parc Highlands (Highlands / LaSalle),6,21,27,45.42612352042827,-73.65741580724716
80,Newman / Senkus,15,3,19,45.44404309237571,-73.61375212669373
81,St-Urbain / René-Lévesque,25,8,33,45.507837541505836,-73.56313616037369
82,de Maisonneuve / Aylmer (est),2,19,21,45.50538591756765,-73.5704317688942
83,Smith / Peel,15,4,19,45.49276061084002,-73.55641052126883
84,de la Commune / King,23,46,71,45.49750375338383,-73.55284452438353
85,de la Commune / Place Jacques-Cartier,53,24,81,45.50761009451047,-73.55183601379395
86,de la Commune / St-Sulpice,27,14,43,45.50424245563397,-73.553469479084
87,Chabanel / du Parc,26,3,30,45.53830765459552,-73.6548838019371
88,Ottawa / William,7,8,15,45.48972725318433,-73.56406286358833
89,de la Commune / Berri,33,16,51,45.51086,-73.54983
90,Berlioz / de l'Île des Soeurs,18,3,23,45.45998577640931,-73.54395568370819
91,Parc Benny (Benny / de Monkland),13,7,23,45.46693565237702,-73.63153114914894
92,Cégep André-Laurendeau (Lapierre),23,6,30,45.43605512104547,-73.60577523708344
93,Métro Henri-Bourassa (Henri-Bourassa / Millen),6,9,16,45.55675103297278,-73.66716161370277
94,Dixie / 54e avenue,4,14,19,45.44338026469991,-73.71789157390594
95,LaSalle / 90e avenue,7,5,15,45.41774583815495,-73.64518761634827
96,Métro de la Concorde (Léo-Lacombe),17,0,19,45.5604898518365,-73.7091851234436
97,Calixa-Lavallée / Rachel,27,2,30,45.527831544563064,-73.5719096660614
98,Parc du Mail (Bois de Coulonges / du Mail),14,1,15,45.59833498124187,-73.54596734046936
99,Marché Jean-Talon (Casgrain / Shamrock),16,1,26,45.53519006163501,-73.61548215150833
100,HEC (Decelles / Jean-Brillant),19,1,25,45.497722829899764,-73.61925333738327
101,Fabrik8 (Waverly / Jean-Talon),15,2,18,45.53330725719417,-73.62082242965698
102,Parc Courbertin (Valéry / Perrier),7,8,19,45.5839877335556,-73.60809333622456
103,Parc Hébert (Colbert / Provencher),7,6,15,45.57237805962001,-73.59370462596415
104,Parc Garibaldi (Liénart / Bélanger),5,9,15,45.586476480180046,-73.570396900177
105,Parc Aimé-Léonard (Gouin / Ste-Gertrude),3,13,17,45.60835820969716,-73.63850623369217
106,Parc Charleroi (Alfred / Louis-Francoeur),6,9,15,45.59953472156509,-73.62360253930092
107,Parc Maurice-Bélanger (Hébert / Denommée),12,2,15,45.5877138098252,-73.63171823322773
108,Gare St-Michel / Montréal-Nord (Pie-IX / 56e),13,1,15,45.583197821913785,-73.62978704273701
109,CÉGEP du Vieux-Montréal (Ontario / de l'Hôtel-de-Ville),4,6,15,45.51401222645779,-73.56598667800426
110,Parc Jeanne-Mance (du Mont-Royal / du Parc),15,16,33,45.51689731423111,-73.58910799026489
111,Léa-Roback / Sir-Georges-Etienne-Cartier,27,3,34,45.472051276471305,-73.5827162861824
112,Parc Eusèbe-Ménard (Gouin / St-Vital),7,7,18,45.59253950875074,-73.64874824881554
113,St-Hubert / de Maisonneuve (sud),2,11,19,45.51586835126322,-73.56008380651474
114,CHSLD Joseph-François-Perrault (St-Michel / Everett),17,1,18,45.55969734528566,-73.60145956277847
115,Mairie d'arrondissement St-Laurent (Beaudet / Marcel-Laurin),14,12,27,45.50682415585665,-73.68184804916382
116,Parc Plage,14,5,19,45.50265866521738,-73.52753520011902
117,Gare Montpellier (Muir / de la Côte-Vertu),3,11,15,45.52374047147138,-73.67169924080372
118,Gare du Ruisseau (Dutrisac / Henri-Bourassa),8,10,19,45.52814371649508,-73.69254536926746
119,Bibliothèque du Vieux-St-Laurent (de l'Église / Filiatrault),4,12,18,45.512843286755896,-73.67612421512604
120,CHSLD Robert Cliche (de Bellechasse / 16e avenue),12,0,15,45.557568,-73.579191
121,Parc Ottawa (de Belleville / Fleury),10,3,15,45.58116,-73.6412434
122,Parc Nicolas-Tillemont (des Érables / Villeray),1,14,18,45.55463653358596,-73.61255215771962
123,Métro Viau (Viau / Pierre-de-Coubertin),27,25,55,45.563084167155345,-73.5481941328544
124,Parc Armand-Bombardier (Perras / Armand-Bombardier),6,8,15,45.6391233,-73.5961118
125,Collège de Rosemont (Beaubien / 15e avenue),23,0,26,45.55774990838239,-73.58380123972893
126,McTavish / Sherbrooke,45,0,46,45.50277615861811,-73.57589408755302
127,de Bleury / de Maisonneuve,10,11,21,45.507096455662456,-73.56844156980515
128,de Maisonneuve / Aylmer (ouest),25,11,37,45.505173440423306,-73.5706517100334
129,Préfontaine / Marcel-Pépin,12,5,19,45.54365380040509,-73.55942063033581
130,Métro Atwater (Atwater / Ste-Catherine),4,28,35,45.48952522221574,-73.5844581949641
131,Hochelaga / de l'Assomption,23,0,23,45.566883091095185,-73.53943817317486
132,Bassin olympique (Chemin du Chenal le Moyne),12,7,19,45.5169025120042,-73.52724552154541
133,Parc Wilfrid-Bastien (Lacordaire / des Galets),14,0,19,45.5864002,-73.5952181
134,de Chambly / de Rouen,5,5,11,45.54710313981358,-73.54892447590828
135,BAnQ (Berri),4,10,15,45.51601387670667,-73.56291957199574
136,Parc Ernest-Rouleau (Gouin),1,14,19,45.63131269772338,-73.61631497740746
137,Hôpital Général Juif (de la Côte-Ste-Catherine / Légaré),22,0,26,45.49624140543275,-73.62983867526054
138,CHU Ste-Justine (de la Côte Ste-Catherine / Hudson),34,0,37,45.50398168549117,-73.62283945083618
139,Parc Honoré-Mercier (Notre-Dame / Liébert),15,10,27,45.59275253568305,-73.51035632193089
140,Keller / Cousineau,13,1,15,45.52355020292929,-73.7138856947422
141,Parc d'Antioche (Place d'Antioche / St-Zotique),4,13,19,45.59566584124368,-73.5596626996994
142,Gare Lachine (Sir George Simpson / 48e avenue),15,0,15,45.447821314280105,-73.71091783046722
143,de Gaspé / Marmier,14,4,21,45.529668174024685,-73.60166944563389
144,Grenet / Poirier,7,4,15,45.51871924623225,-73.69875401258469
145,IUSMM (Georges-Villeneuve),13,9,27,45.58661042838809,-73.52969169616699
146,Square Nelligan (des Appalaches / Alexis-Nihon),1,13,15,45.51431824920811,-73.70799824595451
147,Parc MacDonald (Clanranald / Isabella),1,12,15,45.48274245886277,-73.63497912883759
148,La Tour de Montréal (Pierre-de-Coubertin / Bennett),15,9,25,45.55970526805903,-73.55155438184738
149,St-Antoine / 19e avenue,10,5,15,45.43993803436114,-73.68146234754022
150,Messier / St-Joseph,10,5,17,45.53946063965585,-73.57605636119843
151,Square Viger (Berri / Viger),8,21,30,45.5121682576952,-73.55481594800949
152,Dorion / Ontario,18,15,35,45.526991277453526,-73.55821162462234
153,Larivière / de Lorimier,18,17,39,45.5291345371163,-73.55923354625702
154,Viger / Chenneville,20,14,34,45.50531166520915,-73.56089115142822
155,René-Lévesque / Papineau,25,0,27,45.52097057660443,-73.5499919950962
156,Logan / Fullum,16,3,19,45.52836601591233,-73.55117082595825
157,Joseph-Manseau / René-Lévesque,12,7,19,45.491686521008035,-73.57676714658737
158,Logan / d'Iberville,4,13,19,45.53061161207863,-73.54911457747221
159,du Havre / de Rouen,18,8,27,45.53456256501449,-73.55478646466509
160,Square Victoria (Viger / du Square-Victoria),8,11,19,45.50206,-73.56295
161,Métro Peel (de Maisonneuve / Stanley),36,11,49,45.50038,-73.57507
162,St-Antoine / St-François-Xavier,11,6,18,45.50459069556304,-73.55918794870377
163,Métro Place-d'Armes (Viger / St-Urbain),6,23,29,45.50631445605528,-73.55967122894072
164,Métro Laurier (Berri / Laurier),19,0,23,45.52809995527671,-73.58843871625139
165,St-Hubert / de Maisonneuve (nord),19,4,23,45.51613214980722,-73.56049686670303
166,de Rouen / Lespérance,16,5,23,45.538859462962286,-73.5528177022934
167,Calixa-Lavallée / Sherbrooke,12,4,19,45.52479,-73.56545
168,St-Hubert / Duluth,11,11,23,45.522425652788634,-73.57418417930603
169,de Bullion / du Mont-Royal,16,2,19,45.52141314643908,-73.58498811721802
170,de Lanaudière / Laurier,11,11,23,45.5333136054992,-73.58373686671257
171,Laval / Duluth,11,8,23,45.51922631024093,-73.57718793155072
172,Vallières / St-Laurent,4,17,23,45.518967223320054,-73.5836161673069
173,Duluth / de l'Esplanade,13,8,23,45.515132275425785,-73.58105599880219
174,Hogan / Ontario,4,6,11,45.535295480380306,-73.55116009712219
175,la Fontaine / Alexandre-de-Sève,17,1,19,45.52330366033427,-73.55799973011017
176,Ste-Catherine / Union,23,11,34,45.50373771539475,-73.56948494911194
177,Chabot / Mont-Royal,16,4,23,45.53413436610844,-73.57352435588837
178,Gauthier / Papineau,17,4,23,45.52966629503036,-73.56733649969101
179,Messier / du Mont-Royal,16,2,23,45.53711414,-73.5710031
180,Laval / du Mont-Royal,2,12,15,45.5223645775784,-73.58414590358734
181,Jeanne-Mance / Sherbrooke,3,20,25,45.50928678961862,-73.57101917266846
182,Métro Laurier (Berri / St-Joseph),9,9,18,45.52723106564012,-73.58672618865965
183,Pontiac / Gilford,11,12,23,45.527009334270645,-73.58576595783234
184,Christophe-Colomb / St-Joseph,17,3,23,45.53036486555959,-73.58439266681671
185,Cartier / St-Joseph,19,0,19,45.53582823686429,-73.57869029045105
186,Métro Frontenac (Ontario / du Havre),0,22,23,45.533705987798946,-73.55217933654784
187,Roy / St-Denis,18,5,26,45.51908,-73.5727
188,Maguire / Henri-Julien,12,7,19,45.527041096087785,-73.59347056655677
189,Laurier / de Brébeuf,12,17,31,45.532513956311426,-73.58481109142303
190,Laurier / de Bordeaux,19,2,23,45.53727946481992,-73.5791677236557
191,Henri-Julien / du Carmel,17,6,23,45.52795093787009,-73.59502326697111
192,Cartier / Masson,12,4,19,45.5380207402854,-73.58352363109587
193,Parc Ludger-Duvernay (St-André / St-Hubert),15,2,19,45.53147464147482,-73.59242051839828
194,Boucher / St-Denis,18,4,23,45.527930077456865,-73.59183847904205
195,Drolet / Marie-Anne,6,13,19,45.522402573414084,-73.58117669820786
196,St-André / Rachel,6,8,15,45.52435318759273,-73.57596650719643
197,Parc Jeanne-Mance (monument à sir George-Étienne Cartier),31,7,43,45.514866433022796,-73.58475860237377
198,Roy / St-André,18,4,23,45.521564270906616,-73.57036739587784
199,Garnier / St-Joseph,17,1,19,45.5330129192707,-73.58128666877745
200,de l'Esplanade / Fairmount,17,1,19,45.521495731487576,-73.5968267172575
201,Jeanne-Mance / St-Viateur,19,2,23,45.523026476635074,-73.60184043645859
202,du Parc-La Fontaine / Duluth,14,8,22,45.52451761488783,-73.57197672128677
203,Casgrain / St-Viateur,7,14,23,45.52751292628879,-73.59879076480864
204,St-Dominique / Laurier,4,17,23,45.52361490311454,-73.59245739877223
205,de Bullion / St-Joseph,10,13,23,45.52404631813311,-73.59015061847458
206,de Gaspé / Fairmount,9,12,23,45.52557815939422,-73.59285570681095
207,du Parc-La Fontaine / Roy,16,2,19,45.52286653749578,-73.56837719678879
208,de l'Hôtel-de-Ville / Villeneuve,8,12,23,45.52348082760688,-73.58732756238169
209,de Mentana / Gilford,23,0,23,45.52866947969606,-73.58371809124947
210,Henri-Julien / Laurier,22,1,23,45.52574657625029,-73.59033644199371
211,Marquette / Laurier,3,22,27,45.53543,-73.5822
212,Milton / du Parc,16,14,31,45.50936142835129,-73.57386365532875
213,Waverly / St-Viateur,13,6,19,45.5238561444472,-73.60012650489807
214,de Bordeaux / Gilford,12,6,19,45.53611005443118,-73.5762870311737
215,de Bordeaux / Masson,15,2,19,45.53898439552301,-73.5824453830719
216,Labadie / du Parc,13,2,19,45.5198946757576,-73.59682738780975
217,Fullum / Marie-Anne,21,2,23,45.53650541861215,-73.56803923845291
218,Parthenais / du Mont-Royal,13,1,15,45.53640396516409,-73.57141345739365
219,Clark / St-Viateur,9,6,15,45.5251943015533,-73.59935637563467
220,Duluth  / St-Denis,4,10,15,45.52062760607925,-73.57594907283782
221,Clark / Rachel,27,1,31,45.5173538,-73.58212888
222,Resther / du Mont-Royal,6,9,23,45.52562819123256,-73.58177483081818
223,de Mentana / Marie-Anne,11,16,27,45.526026565221414,-73.57785880565643
224,Hutchison / Prince-Arthur,1,29,31,45.50975858607626,-73.57610732316971
225,du Mont-Royal / Clark,24,5,35,45.51941,-73.58685
226,Bernard / Jeanne-Mance,23,0,23,45.52428310031213,-73.6049484461546
227,Jeanne-Mance / Laurier,12,8,23,45.52027633320609,-73.59497621666378
228,Milton / Durocher,5,18,27,45.508140959417744,-73.57492983341217
229,Clark / Prince-Arthur,28,1,31,45.513342512307055,-73.57301607728004
230,Bercy / Rachel,7,3,15,45.53840340979245,-73.56196403503418
231,de l'Esplanade / du Mont-Royal,5,18,23,45.51825290855221,-73.5883381962776
232,Villeneuve / St-Urbain,14,0,19,45.520188,-73.590559
233,de Rouen / Hogan,10,3,15,45.53636263222538,-73.55421245098114
234,de Gaspé / St-Viateur,19,0,19,45.527672646696104,-73.59738260507582
235,Waverly / Van Horne,4,7,11,45.527363,-73.607723
236,Poupart / Ontario,18,1,19,45.531836726498305,-73.55348825454712
237,Querbes / Laurier,9,2,15,45.51748721436461,-73.59788417816162
238,Berri / Cherrier,21,16,39,45.519266156911335,-73.5692971944809
239,Aylmer / Prince-Arthur,12,11,23,45.508566869474386,-73.57769787311554
240,Bloomfied / Elmwood,13,0,15,45.51825588419192,-73.60320568084717
241,Marie-Anne / St-Hubert,8,10,19,45.5246829812827,-73.5788968205452
242,Durocher / Bernard,14,0,15,45.52222528598142,-73.60668718814848
243,Fullum / de Rouen,16,10,27,45.5321322155395,-73.55876013636589
244,Sherbrooke / Frontenac,7,8,15,45.5367,-73.56081
245,Square St-Louis (du Square St-Louis / Laval),25,5,31,45.516090801970655,-73.5701286792755
246,St-Dominique / du Mont-Royal,19,2,23,45.52055948154798,-73.58582027256489
247,St-André / Cherrier,25,1,27,45.52051578783967,-73.567695915699
248,Gauthier / Parthenais,14,0,15,45.53292625574653,-73.56377989053726
249,Garnier / St-Grégoire,17,5,23,45.5358215436799,-73.58710169792175
250,de Lanaudière / Marie-Anne,15,3,19,45.52932643090091,-73.57480645179749
251,de Lanaudière / du Mont-Royal,9,19,31,45.53022106537559,-73.57699647545813
252,Boyer / du Mont-Royal,24,2,27,45.527432126380575,-73.57991673052311
253,Chapleau / du Mont-Royal,9,6,15,45.53867,-73.56936
254,Parc de Bullion (de Bullion / Prince-Arthur),16,2,19,45.515604257816335,-73.57213497161865
255,Hutchison / Van Horne,16,2,19,45.52497706918177,-73.6106863617897
256,Dollard / Van Horne,12,7,19,45.51915286772737,-73.61646920442581
257,de Maisonneuve / Mansfield (sud),10,16,27,45.502053864057466,-73.57346534729004
258,Hélène-Baillargeon / St-Denis,17,2,19,45.52974,-73.59527
259,St-Dominique / Bernard,22,1,23,45.52793332015246,-73.60122251338906
260,St-Hubert / Laurier,19,0,19,45.52895039362793,-73.587866127491
261,Hutchison / des Pins,16,4,22,45.51069,-73.57805
262,Durocher / Sherbrooke,20,3,23,45.507076248365834,-73.57228517532349
263,de l'Hôtel-de-Ville / Sherbrooke,19,7,27,45.514524730294404,-73.56835573911665
264,Cartier / Rosemont,17,2,19,45.54124722370603,-73.59104454517365
265,Graham / Brookfield,16,6,23,45.52022241072457,-73.62985610961914
266,Brittany / Ainsley,6,12,19,45.52588991809354,-73.65003436803818
267,Parc Pratt (Dunlop / Van Horne),14,1,15,45.514918954061876,-73.61968517303467
268,de Bellechasse / de St-Vallier,16,3,19,45.53341043363302,-73.60112428665161
269,St-Dominique / St-Zotique,29,2,31,45.53226461018495,-73.6110632121563
270,Louis-Hébert / de Bellechasse,22,3,26,45.546661109634606,-73.58868420124054
271,de Bordeaux / St-Zotique,15,2,19,45.546539011777845,-73.59866470098495
272,Clark / Laurier,11,1,15,45.522544455627866,-73.59346926212311
273,Parc Joyce (Rockland / Lajoie),11,4,15,45.515617,-73.614991
274,des Érables / Bélanger,12,3,15,45.54912085535069,-73.60087350010872
275,Louis-Hébert / St-Zotique,12,2,15,45.55001,-73.59576
276,Parc du Pélican (1ère avenue / Masson),26,11,39,45.5451997,-73.57645065
277,de Gaspé / Beaubien,13,6,19,45.531957916826386,-73.60700100660324
278,Parc Père-Marquette (Chambord / Rosemont),25,14,39,45.537087833013324,-73.59321847558022
279,Villeneuve / du Parc,4,11,15,45.51829,-73.59235
280,1ère avenue / Rosemont,7,7,15,45.54779995287998,-73.58486741781235
281,1ère  avenue / St-Zotique,12,3,15,45.551937362101,-73.59392791986465
282,Boyer / Rosemont,17,9,31,45.53409866804061,-73.59553456306458
283,Cartier / Bélanger,20,3,23,45.546779039476185,-73.60281676054001
284,de l'Hôtel-de-Ville / Roy,4,15,19,45.51733075399989,-73.57449866831303
285,Chambord / Beaubien,7,10,19,45.539900246044354,-73.59936207532883
286,de Brébeuf / du Mont-Royal,5,16,23,45.52927839879717,-73.57792854309082
287,Drolet / Beaubien,12,11,23,45.533348,-73.605834
288,5e avenue / Rosemont,16,3,19,45.54990048023633,-73.58308374881744
289,Chabot / Beaubien,13,0,15,45.544375546398065,-73.59564453363419
290,Henri-Julien / de Bellechasse,17,2,19,45.5315079142152,-73.60308364033699
291,27e avenue / Rosemont,14,3,19,45.563709940264175,-73.57139468193054
292,Drolet / St-Zotique,16,3,19,45.53488214147823,-73.60941231250763
293,Fullum / Holt,20,7,27,45.54391953154915,-73.58424894533528
294,3e avenue / Holt,18,1,19,45.54800352985515,-73.58138993382454
295,de St-Vallier / St-Zotique,17,1,19,45.536434338630336,-73.60783427975548
296,Cartier / Dandurand,21,0,23,45.53923559055867,-73.58594566583633
297,Graham / Wicksteed,12,6,19,45.51693654712809,-73.64048302173615
298,Mozart / Waverly,14,1,15,45.5315236502754,-73.61701235175133
299,Chabot / de Bellechasse,16,2,19,45.5425697477813,-73.59214425086974
300,de Lanaudière / Bélanger,23,0,23,45.54365085053057,-73.60565051436424
301,Waverly / St-Zotique,17,2,19,45.53050525974957,-73.61470833420753
302,15e avenue / Masson,22,0,23,45.55389801568004,-73.5713866353035
303,Fabre / St-Zotique,15,3,19,45.543653916207866,-73.60126135876271
304,16e avenue / St-Joseph,5,16,23,45.55293611277267,-73.56577143073082
305,Boyer / Bélanger,15,5,23,45.54006,-73.60897
306,St-Urbain / Beaubien,12,3,15,45.52954744851231,-73.61071854829788
307,Marie-Anne / Papineau,20,2,23,45.53176697148175,-73.5724139213562
308,St-André / Robin,9,6,15,45.518128086513194,-73.56185138225555
309,Jeanne-Mance / Beaubien,8,6,15,45.527650097960205,-73.61229971051216
310,Métro Place-des-Arts (du Président-Kennedy / Jeanne-Mance),4,21,27,45.508204615051355,-73.56881439685822
311,Marquette / Rachel,10,5,15,45.52983801723605,-73.5703244805336
312,Wolfe / Robin,16,6,23,45.51958082831579,-73.5601159930229
313,Bourbonnière / du Mont-Royal,16,5,23,45.55358456339093,-73.56052905321121
314,Graham / Kindersley,11,12,23,45.514080696641386,-73.64694982767105
315,McCulloch / de la Côte Ste-Catherine,8,1,15,45.51577505385328,-73.60060930252075
316,26e avenue / Beaubien,9,3,15,45.56485589064712,-73.5774926841259
317,St-Christophe / René-Lévesque,14,5,19,45.5150280816668,-73.55635821819305
318,de Chambly / Rachel,22,1,23,45.54991069359101,-73.55826258659361
319,35e avenue / Beaubien,26,1,27,45.570081,-73.573047
320,Plymouth / Duncan,12,2,15,45.50316529501043,-73.66222634911537
321,de Bordeaux / Sherbrooke,15,3,19,45.529914321737415,-73.56302618980408
322,d'Orléans / Hochelaga,12,7,19,45.55061693669672,-73.54901432991028
323,Jeanne-d'Arc / Ontario,5,17,23,45.54959767887176,-73.54187428951263
324,41e avenue / Rosemont,15,4,19,45.57178977666956,-73.56431499123573
325,Parc de Beauséjour (Gouin / Henri-d'Arles),7,11,19,45.526765,-73.730423
326,12e avenue / St-Zotique,15,7,23,45.5568667309625,-73.589306473732
327,19e avenue / St-Zotique,18,3,23,45.56168275734862,-73.58564794063568
328,de Lisieux / Jean-Talon,11,6,19,45.57934937043077,-73.58168095350266
329,de Gaspé / Dante,21,1,23,45.53429782539273,-73.61217230558395
330,Davaar / de la Côte-Ste-Catherine,10,2,15,45.514379,-73.610871
331,Alton-Goldbloom / Notre-Dame,19,0,19,45.54502601340392,-73.73787671327591
332,Bloomfield / Van Horne,19,3,23,45.522745298216094,-73.61328139901161
333,Place des Festivals ( du Président-Kennedy / de Bleury),6,21,27,45.50764392965887,-73.56932401657104
334,de la Roche / Bélanger,15,6,23,45.541669595766315,-73.60760450363159
335,Campus MIL (Outremont / Thérèse-Lavoie Roux),16,5,23,45.52311432992147,-73.61815363168716
336,Le Corbusier / St-Martin O,14,5,19,45.565006717407506,-73.7319054454565
337,Place du Canada (Peel / des Canadiens-de-Montréal),24,2,26,45.49788352593901,-73.56856763362885
338,Dollard / Bernard,8,14,23,45.51678269880724,-73.61142262816429
339,de la Roche /  de Bellechasse,14,4,19,45.53718135927993,-73.59750330448149
340,11e avenue / du Souvenir,11,4,15,45.56933906192115,-73.70472729206085
341,Ernest-Gendreau / du Mont-Royal,17,3,23,45.549713734001415,-73.56384828686714
342,Paré / Mountain Sights,9,4,13,45.49810026070624,-73.65294188261032
343,Métro Lucien-L'Allier  (Lucien l'Allier / Argyle),13,4,17,45.49487159597493,-73.57112377882004
344,Robin / 15e rue,9,5,15,45.559495502858624,-73.6989176273346
345,Beaudry / Sherbrooke,22,3,27,45.52303493310712,-73.56539458036421
346,8e avenue / Dandurand,17,1,19,45.550113551561694,-73.5772217810154
347,Métro Université de Montréal (Édouard-Montpetit / Louis-Collin),25,1,26,45.50363996257211,-73.6182689666748
348,Parc Henri-Dunant (Léger / Henri-Dunant),11,5,19,45.56843961893042,-73.6752020941276
349,Gauthier / de Lorimier,16,1,19,45.53166363055749,-73.56536373496056
350,Édouard-Montpetit / de Stirling,19,0,19,45.50723,-73.615085
351,du Mans / des Alouettes,4,19,23,45.58033485941123,-73.68471868336201
352,St-Dominique / Napoléon,11,9,23,45.51666442219882,-73.57722043991089
353,Place d'Youville / McGill,12,5,19,45.49996470926352,-73.55615437030792
354,St-Jean-Baptiste / René-Lévesque,5,9,15,45.64141535746634,-73.4999567270279
355,Sabrevois / des Récollets,11,3,15,45.583287878804136,-73.63276362419128
356,Dorion / Rachel,16,0,19,45.53163403743962,-73.56824576854706
357,Parc nature de l'Île-de-la-Visitation (Gouin / de Bruchési),7,3,19,45.57833184623925,-73.65595400333405
358,du Tricentenaire / Prince-Albert,2,13,15,45.64954588445726,-73.49191546440125
359,Aylmer / Sherbrooke,21,6,27,45.50629456823703,-73.57282698154448
360,Fortune / Wellington,10,17,27,45.477923,-73.559038
361,Place du Village (St-Jean-Baptiste / Notre-Dame),4,10,15,45.640002860465096,-73.49011301994324
362,Gary-Carter / St-Laurent,35,3,38,45.53613488953656,-73.62258464097977
363,Métro Parc  (Hutchison / Ogilvy),22,11,33,45.53035130173597,-73.6243924498558
364,Logan / de Champlain,14,5,19,45.5231943285584,-73.55584256350994
365,Bourgeoys / Favard,21,6,27,45.47993042065731,-73.55592101812363
366,Richmond / des Bassins,15,14,31,45.48752158511353,-73.56500297784805
367,Parc Chenier (de l'Aréna / Chenier),8,6,19,45.60248649638568,-73.5432904958725
368,Bloomfield / Jean-Talon,12,1,15,45.52745655427204,-73.62411618232727
369,René-Lévesque / Panet,15,3,19,45.51862424058306,-73.55219006538391
370,6e avenue / Villeray,13,2,15,45.55873962047568,-73.60589044634253
371,du Mont-Royal / Augustin-Frigon,4,15,19,45.54355786336148,-73.56780052185059
372,Michelet / Jean-Talon,21,1,23,45.57627820285533,-73.58353972434998
373,des Bassins / du Séminaire,3,30,35,45.49047561880464,-73.56022328138351
374,Parc du Pélican (2e avenue / St-Joseph),13,6,19,45.544580831168204,-73.5717111825943
375,Marie-Anne / de la Roche,16,3,19,45.527550507601894,-73.5762870311737
376,St-Dominique / Rachel,9,17,31,45.518593,-73.581566
377,7e avenue / St-Joseph Rosemont,18,9,27,45.54710817336986,-73.56936693191528
378,Jean Langlois / Fullum,27,2,31,45.526499983000186,-73.54575277422555
379,Bibliothèque de Verdun (Brown / Bannantyne),11,4,15,45.44826204820947,-73.57785612344742
380,LaSalle / Crawford,0,11,15,45.43791516514076,-73.58253550531117
381,McNamara / St-Martin O,6,13,19,45.57120355585774,-73.72351884841918
382,Natatorium (LaSalle / Rolland),7,19,27,45.4443505862464,-73.57542979723802
383,Mairie d'arrondissement LaSalle (Dupras / Jeannette),1,12,15,45.429166968311485,-73.66280972957611
384,Parc Chopin (Dumouchel / Tessier),12,7,19,45.570726609302966,-73.7370860205192
385,Pierre-Péladeau / du Centropolis,20,3,23,45.56251175219665,-73.74370649456978
386,Jeanne-Mance / St-Martin O,21,1,23,45.557421482389636,-73.7480603903532
387,Argyle / de Verdun,17,6,23,45.45301583620112,-73.57191503047943
388,St-Jacques / Vinet,11,3,15,45.485328993998365,-73.57692271471024
389,St-Charles / Thomas-Keefer,7,3,23,45.477605,-73.573775
390,de Chenonceau / Chomedey,18,5,23,45.56157,-73.75448
391,St-Joseph / 8e avenue Lachine,18,9,27,45.431518914135125,-73.67110446095467
392,Lionel-Groulx / George-Vanier,10,13,23,45.486346321757786,-73.57352435588837
393,8e avenue / Notre-Dame Lachine,13,5,19,45.43498715540587,-73.67079868912697
394,Beatty / de Verdun,10,10,23,45.450729976972944,-73.5725748538971
395,Duvernay / Charlevoix,13,6,19,45.4820980397155,-73.57487618923187
396,Mayfield / St-Martin O,5,14,19,45.553017541248565,-73.75822663307189
397,Gloria / Dollard,8,5,15,45.42971096449354,-73.633883446455
398,Bel Air / St-Antoine,11,11,23,45.4824297233159,-73.58367975812143
399,4e avenue / de Verdun,10,5,15,45.4568844514464,-73.57260704040527
400,41e avenue / Victoria,13,2,15,45.44053238705948,-73.70242863893507
401,de l'Église / Bannantyne,4,10,15,45.4632535358533,-73.57587933540344
402,Regina / de Verdun,20,3,23,45.467369,-73.570769
403,Turgeon / Notre-Dame,7,12,19,45.478888528072076,-73.58198940753937
404,Métro Place St-Henri (St-Ferdinand / St-Jacques),10,17,27,45.47729315148685,-73.58732163906097
405,Jacques-Le Ber / de la Pointe Nord,23,3,27,45.47259900304475,-73.5398056358099
406,St-Rémi / Ste Émilie,19,4,27,45.46976641104386,-73.58925875287241
407,Métro Lasalle (de Rushbrooke / Caisse),13,9,23,45.47069642604657,-73.56542240828276
408,Métro de l'Église (Ross / de l'Église),1,17,19,45.462846046287325,-73.56592163443565
409,Métro Verdun (Willibrord / de Verdun),21,4,27,45.459487694540734,-73.57209205627441
410,Rose-de-Lima / Workman,13,9,23,45.48026417718717,-73.58099363744259
411,Panet / Ste-Catherine,22,4,27,45.51999897796297,-73.5548883676529
412,Ste-Claire / Pierre-Tétreault,12,6,19,45.60191332161639,-73.52441847324371
413,Parc Félix-Leclerc (François-Boivin / St-Zotique),2,10,15,45.5914549914687,-73.56275528669356
414,Desjardins / Ontario,14,9,23,45.55118417872238,-73.54087114334106
415,Montcalm / Ontario,21,5,27,45.52111152278944,-73.56231406331062
416,Métro Lionel-Groulx (St-Jacques / Atwater),30,2,33,45.48295816149219,-73.57975836854166
417,5e avenue / Bannantyne,5,8,15,45.456365,-73.57614
418,Letourneux / Ste-Catherine,16,3,19,45.55078357889704,-73.53409996037954
419,de Grosbois / Duchesneau,9,5,15,45.611230741550536,-73.5312415660519
420,Métro Joliette  (Joliette / Hochelaga),11,7,19,45.54690718297082,-73.5515570640564
421,Métro Préfontaine (Moreau / Hochelaga),12,18,31,45.541374968866094,-73.5542231798172
422,Peel / Notre-Dame,40,5,47,45.49544692088696,-73.56329441070557
423,Letourneux / Hochelaga,9,6,15,45.55465888075087,-73.54660302400589
424,Ontario / Sicard,16,4,23,45.55626186680846,-73.53744059801102
425,Argyle / Bannantyne,4,10,15,45.453318765468914,-73.5767751932144
426,Ontario / Viau,17,2,19,45.5594818,-73.535496
427,Souligny / Desmarteau,12,2,15,45.60444089974122,-73.51611837744713
428,Parc Lalancette (de Rouen / Valois),11,10,23,45.54814504700217,-73.5471260547638
429,Métro Pie-IX (Pierre-de-Coubertin / Desjardins),5,25,33,45.554373399819674,-73.55137467384337
430,Montcalm / de Maisonneuve,6,11,19,45.519131967116216,-73.55788965214742
431,Métro Beaudry (Beaudry / Ste-Catherine),11,11,23,45.51888453178292,-73.55593845248222
432,des Ormeaux / Notre-Dame,16,5,23,45.59926552299961,-73.51226069033146
433,Ste-Catherine / Dezery,15,4,19,45.539385081961676,-73.54099988937377
434,Métro Assomption (Chauveau / de l'Assomption),20,0,23,45.569789,-73.548081
435,André-Laurendeau / Rachel,2,18,23,45.54303187243879,-73.56256484985352
436,Métro Cadillac (Cadillac / Sherbrooke),4,13,19,45.57683333463968,-73.54647415224463
437,du Parc-Lafontaine / Rachel,16,3,19,45.52551168509886,-73.57424452900887
438,St-Germain / Hochelaga,12,2,15,45.543652466151,-73.5534825682771
439,Métro Langelier (Langelier / Sherbrooke),10,8,19,45.58284663189181,-73.54247644543648
440,Pierre-de-Coubertin / Langelier,8,10,19,45.580314546424674,-73.5353136062622
441,Atateken / du Square Amherst,4,25,31,45.52063377251984,-73.56390595436096
442,St-Grégoire / Christophe-Colomb,12,8,23,45.53259744983328,-73.59011113643646
443,de Léry / Sherbrooke,17,4,23,45.54099971663243,-73.55826258659361
444,Du Quesne / de Marseille,18,2,23,45.575812361972055,-73.54123055934906
445,St-André / Ontario,6,12,19,45.51889,-73.56353
446,Valois / Ste-Catherine,15,8,23,45.54522973039872,-73.53725016117096
447,Alexandre-DeSève / Ste-Catherine,15,4,19,45.52123044585842,-73.55386108160019
448,Bibliothèque et Complexe aquatique Rosemont (8e avenue / Rosemont),12,1,15,45.55151193681962,-73.58207792043686
449,Nicolet / Sherbrooke,12,8,23,45.54969542033443,-73.55464696884155
450,Alexandre-DeSève  / Ontario,17,4,23,45.52435882510794,-73.56053441762924
451,Dézéry / Ontario,20,3,23,45.54095791741757,-73.54702949523926
452,Ste-Catherine / St-Clément,4,11,15,45.55671730558936,-73.53024959564209
453,de l'Église / de Verdun,13,3,19,45.46300108733155,-73.57156895217486
454,St-Jacques / St-Laurent,10,12,23,45.50644464920572,-73.55648696422577
455,Liébert / Hochelaga,1,18,23,45.59587457490178,-73.52352797985077
456,du Champ-de-Mars / Gosford,6,15,23,45.50965520472071,-73.55400860309601
457,St-Jacques / McGill,19,12,31,45.50144108135568,-73.56014415621758
458,Chambord / Gilford,20,0,23,45.53148889001714,-73.58106136322021
459,Milton / Clark,25,1,27,45.512640029999396,-73.57060074806213
460,de l'Hotel-de-Ville / Rachel,10,4,15,45.51989655507833,-73.58010649681091
461,Gagne / LaSalle,8,8,19,45.422451407155854,-73.601194024086
462,Notre-Dame / Gauvin,2,16,19,45.50002580878596,-73.5601931065321
463,Métro Honoré-Beaugrand (Sherbrooke / Honoré-Beaugrand),17,5,23,45.5967964774917,-73.53517949581145
464,de la Montagne / Sherbrooke,13,6,19,45.500015468871446,-73.57938900589943
465,des Récollets / McGill,20,0,23,45.5008764952487,-73.55900555849075
466,Métro Radisson (Sherbrooke / des Groseilliers),4,14,19,45.58917500418707,-73.53965610265732
467,City Councillors / du President-Kennedy,13,17,31,45.50625103256782,-73.57139065861702
468,William / St-Henri,4,11,15,45.49891911390352,-73.55725407600403
469,Bélanger / St-Denis,13,5,23,45.53696,-73.61199
470,Ste-Catherine / Labelle,19,18,39,45.51473288454674,-73.55961576104164
471,Metcalfe / du Square-Dorchester,29,1,31,45.50022226680107,-73.57110500335693
472,Marché Jean-Talon (Henri-Julien / Jean-Talon),17,4,23,45.53678525128436,-73.6148879583925
473,St-Denis / de Maisonneuve,6,19,26,45.51440491203477,-73.56181114912033
474,St-Nicolas / Place d'Youville,8,15,23,45.501966859101564,-73.55515256524086
475,Molson / Beaubien,20,3,23,45.54968589617967,-73.59115451574326
476,d'Orléans / Masson,13,6,19,45.557192,-73.569847
477,Union / Ste-Catherine,10,25,35,45.504027213143104,-73.56970220804214
478,Louis-Hébert / Beaubien,16,3,19,45.5481863712796,-73.592010140419
479,du President-Kennedy / Union,8,14,23,45.505102242483595,-73.57187882065773
480,de Grenoble / de Cassis,13,6,19,45.57889719514108,-73.70492711663245
481,Darling / Sherbrooke,5,14,23,45.54545514686953,-73.55673909187317
482,5e avenue / Masson,15,10,27,45.54752382909683,-73.57513636350632
483,10e avenue / Masson,18,7,27,45.55037651450808,-73.57373356819151
484,St-Alexandre / Ste-Catherine,19,6,27,45.50527354034462,-73.5674786567688
485,Métro Bonaventure (de la Gauchetière / de la Cathédrale),28,2,31,45.49831217703312,-73.56725603342056
486,Grand Boulevard / Sherbrooke,16,3,19,45.46670033299904,-73.62355081379064
487,Langelier / Marie-Victorin,12,2,15,45.61451982045293,-73.6118745803833
488,Benny / Sherbrooke,13,6,19,45.4648769981855,-73.62659722566605
489,Park Row O / Sherbrooke,12,3,15,45.46072936353252,-73.63407254219055
490,Lucien L'Allier / St-Jacques,19,3,23,45.493514106710734,-73.56848180294037
491,Aylmer / Ste-Catherine,24,15,39,45.50434678685089,-73.56894850730896
492,Grand Boulevard / de Terrebonne,25,4,31,45.470535000953966,-73.63165721297264
493,des Jockeys / Décarie,7,11,19,45.49404432109336,-73.65449488162994
494,Lacombe / Victoria,12,6,19,45.49048314001669,-73.62913727760315
495,Parc Georges St-Pierre (Oxford / Upper Lachine),18,0,19,45.46887995929811,-73.60943913459778
496,Métro Côte-Ste-Catherine (Beaucourt / de la Côte-Ste-Catherine),5,16,23,45.491513,-73.633649
497,Marcil / Sherbrooke,7,16,23,45.471743,-73.613924
498,Boyer / Beaubien,2,25,27,45.537041,-73.602026
499,Grey / Sherbrooke,1,13,15,45.47629426230192,-73.60617488622665
500,Boyer / St-Zotique,11,8,19,45.53848,-73.60556
501,Workman / Vinet,14,7,23,45.483788863965174,-73.5750612616539
502,Parc Howard (de l'Épée / de Liège),2,13,15,45.53318929909303,-73.64188581705093
503,Wilderton  / Van Horne,23,0,23,45.51014162409143,-73.6247518658638
504,de Monkland / Girouard,9,14,23,45.47710675189806,-73.6214379966259
505,Métro Villa-Maria (de Monkland / Décarie),15,8,26,45.4789683985657,-73.61959934234618
506,de la Côte St-Antoine / Royal,16,1,19,45.468926984877434,-73.6198702454567
507,Métro Vendôme (de Marlowe / de Maisonneuve),16,12,31,45.47393028235147,-73.60473453998564
508,Marquette / des Carrières,19,5,27,45.53879934493943,-73.58870029449461
509,d'Outremont / Ogilvy,14,4,19,45.52687028194893,-73.62672328948975
510,Parc Loyola (Somerled / Doherty),10,9,19,45.45976107571447,-73.64477455615997
511,Faillon / St-Denis,18,4,23,45.539890852781404,-73.62026989459991
512,de Kent / de la Côte-des-Neiges,28,6,39,45.50144933057703,-73.63305062055588
513,Métro Acadie (de l'Acadie / Beaumont),11,2,13,45.52357479400008,-73.62344294786453
514,des Récollets / Martial,12,7,19,45.59089190991344,-73.64061713218689
515,Earnscliffe / Queen-Mary,19,4,23,45.481845071377414,-73.63037377595901
516,Leman / de Chateaubriand,15,0,15,45.54721107501036,-73.63105237483978
517,Parc des Hirondelles (Fleury / André-Jobin),5,10,19,45.5762948651025,-73.646759390831
518,de Melrose / Sherbrooke,19,0,19,45.46991202213883,-73.61735232174397
519,Métro de Castelnau (de Castelnau / St-Laurent),20,2,23,45.53570881624427,-73.61962348222733
520,Métro Snowdon (de Westbury / Queen-Mary),17,6,23,45.48542414888848,-73.62816195935011
521,Parc Sauvé (Balzac / de Bayonne),8,6,15,45.59836857189897,-73.63610029220581
522,de St-Firmin / Fleury,7,11,23,45.570624722078364,-73.6517858505249
523,Jacques-Casault / Christophe-Colomb,8,10,19,45.552123,-73.630103
524,Marquette / Fleury,7,6,15,45.56735205736566,-73.65378744900227
525,Parc Joseph-Robin (18e avenue / Everett),11,4,19,45.56481129244175,-73.59580412507057
526,Everett / Garnier,13,2,15,45.54758153109644,-73.61220851540565
527,8e avenue / Everett,9,4,15,45.55776151418004,-73.60154539346695
528,Francis / Fleury,10,8,19,45.56387237463668,-73.6555677652359
529,Hamel / Sauvé,3,14,19,45.56076192837154,-73.6505614221096
530,Métro Jarry (Lajeunesse / Jarry),20,0,23,45.54355974189168,-73.62777203321457
531,Boyer / Everett,10,5,19,45.54310243053054,-73.61607524188003
532,Louis-Hébert / Bélanger,6,13,19,45.55158518908433,-73.59916493296623
533,Chambord / Fleury,4,9,14,45.55982811984724,-73.65832507610321
534,de Bordeaux / Jean-Talon,10,1,15,45.54975479298636,-73.60556602478027
535,Louis-Hémon / Jean-Talon,13,5,19,45.5517742671765,-73.60347837231528
536,Rousselot / Jarry,7,6,15,45.55081979211847,-73.62088680267334
537,Péloquin / Fleury,9,5,15,45.55702223161539,-73.6599015713
538,de Normanville / Villeray,17,1,19,45.547172039327485,-73.61815631389618
539,de la Roche / Everett,14,1,15,45.544867,-73.614841
540,du Rosaire / St-Hubert,13,8,23,45.54481928225348,-73.6215104162693
541,Métro Crémazie (Crémazie / Lajeunesse),13,1,15,45.54640752148169,-73.63842844963074
542,2e avenue / Jean-Rivard,13,9,23,45.562509038048915,-73.61656039953232
543,de Chateaubriand / Jarry,14,0,15,45.545841561840085,-73.62665355205536
544,Lajeunesse / Villeray,10,3,15,45.54218173507584,-73.62268656492233
545,Drolet / Jarry,17,2,19,45.54195463236575,-73.62994194030762
546,Lajeunesse / de Liège,13,0,15,45.545580534390176,-73.63490000367165
547,Basile-Routhier / Chabanel,9,6,19,45.549868431421636,-73.64765658974648
548,Émile-Journault / de Chateaubriand,9,6,19,45.54983321292286,-73.64063255488873
549,Ropery / Augustin-Cantin,16,5,23,45.48097552629275,-73.56863468885422
550,Ann / Wellington,1,10,11,45.49449368327543,-73.55676054954529
551,Richardson / Montmorency,20,9,31,45.484966061164755,-73.56032252311707
552,Dubois / Eadie,11,11,23,45.45760820718457,-73.59051011502743
553,Parc Ferland (Belleherbe / Albanel),10,2,15,45.59573798024675,-73.59529852867126
554,Crescent / de Maisonneuve,3,19,23,45.498132074644275,-73.57762072817422
555,Crescent / René-Lévesque,6,23,31,45.49600732302391,-73.57334746981905
556,Parc Henri-Julien (Legendre / Henri-Julien),9,6,19,45.5460355901214,-73.6465984582901
557,6e avenue / Bélanger,8,4,19,45.55456382820465,-73.59615683555603
558,de la Côte St-Antoine / Argyle,19,0,19,45.48624101696415,-73.59572768211365
559,Victoria Hall,8,7,15,45.48129146961133,-73.6003303527832
560,Berri / Rachel,9,7,19,45.52275023118295,-73.57724860310555
561,Augustin-Cantin / Shearer,30,1,31,45.48390169543355,-73.56363236904144
562,Mackay / de Maisonneuve,2,33,39,45.49682986230046,-73.57913017272949
563,St-Mathieu / Sherbrooke,21,2,23,45.495789104811756,-73.58259558677672
564,Guy / Sainte-Catherine,28,1,31,45.49497512853125,-73.57777043248461
565,Notre-Dame-de-Grâce / Westmount,10,3,15,45.48046706437983,-73.61122308304402
566,des Pins / St-Laurent,11,8,23,45.51522812881499,-73.5750961303711
567,Hamilton / Jolicoeur,2,11,15,45.45670282849069,-73.59764268636354
568,Monk / Biencourt,6,5,15,45.458663192410306,-73.59602272510529
569,de Châteauguay / Ropery,14,5,23,45.47930107352825,-73.56629446148872
570,Ryde / Charlevoix,21,5,27,45.4757434,-73.5646007
571,Cypress / Peel,19,16,35,45.499330334344556,-73.57175691987322
572,Parc St-Henri (Laporte / Guay),4,11,15,45.48013378575666,-73.58590811491013
573,Peel / Ottawa,2,23,27,45.49419955357054,-73.55998456478119
574,Shearer / Centre,15,0,15,45.4828250990486,-73.56206325352105
575,Métro Monk (Allard / Beaulieu),2,15,19,45.451030919298056,-73.5939010977745
576,Mackay / Ste-Catherine,10,20,31,45.49582294706495,-73.57696294784546
577,St-Jacques / Guy,11,11,23,45.491366875439965,-73.57010722160338
578,Métro Angrignon (Lamont /  des Trinitaires),1,22,23,45.44705915105563,-73.60229507088661
579,Victoria / de Maisonneuve,7,7,15,45.47742856483265,-73.60016942024231
580,Stanley / René-Lévesque,39,0,39,45.49790394592446,-73.57077571808077
581,Plessis / Ontario,6,13,19,45.523594936648244,-73.56099039316177
582,Canning / Notre-Dame,18,4,23,45.486318644010225,-73.5702332854271
583,St-Antoine / Jean-Paul Riopelle,21,2,23,45.502939709023714,-73.56064036488532
584,Métro Beaubien (de Chateaubriand / Beaubien),18,8,27,45.5353599615622,-73.60363483428955
585,de l'Hôtel-de-Ville / Ste-Catherine,27,4,31,45.51166045593874,-73.56213569641113
586,Parc St-Paul (Le Caron / Marc-Sauvalle),18,4,23,45.461741021347436,-73.58412176370621
587,de Castelnau / Lajeunesse,15,4,19,45.54043190217008,-73.61650675535202
588,de la Côte St-Paul / St-Ambroise,0,22,27,45.467665653865964,-73.59391784324544
589,Fullum / Ste-Catherine,18,5,23,45.52711644190572,-73.54801654815674
590,Bourget / St-Jacques,16,3,19,45.48067368593179,-73.58351558446884
591,Métro Édouard-Montpetit (du Mont-Royal / Vincent-d'Indy),26,0,27,45.510200304274754,-73.6114051938057
592,St-Laurent / Pl. du Marché,2,25,27,45.50928960913111,-73.56241598725319
593,Charles-Daoust / 75e avenue,27,0,27,45.54250587659489,-73.74095320701599
594,Henri-Julien / de Castelnau,19,3,23,45.53789110878484,-73.6182153224945
595,Ste-Émilie / Sir-Georges-Etienne-Cartier,16,4,23,45.472781067977614,-73.5852724313736
596,de Mentana / Laurier,19,4,23,45.5305193519952,-73.58780443668365
597,Stinson / Montpellier,12,5,23,45.51962176248447,-73.6662483215332
598,Métro Sauvé (Berri / Sauvé),14,7,26,45.550692068419764,-73.65636706352234
599,Ste-Catherine / Towers,6,17,23,45.49228068089086,-73.58096480369566
600,St-Cyril / Wiseman,22,0,23,45.52085479492202,-73.61573964357376
601,McLynn / Plamondon,8,14,23,45.48911308766352,-73.6470128595829
602,Parc Champdoré (Champdoré / de Lille),2,10,15,45.5692509593831,-73.63642623429769
603,Marquette / Gilford,12,2,15,45.53382623467138,-73.57891023159026
604,Ste-Croix / Tassé,17,5,23,45.51953948301331,-73.68516325950623
605,29e avenue / St-Zotique,8,5,15,45.56776565172907,-73.57968807220459
606,Beaubien / 8e avenue,15,0,15,45.553456845975276,-73.58784198760986
607,Harvard / de Monkland,16,2,19,45.474565185029945,-73.62403571605682
608,Hillside / Ste-Catherine,11,2,15,45.48282602624293,-73.59084337949753
609,Guizot / St-Laurent,15,2,19,45.53968044327973,-73.63450437784195
610,De Callières / d'Auvergne,7,12,23,45.593421978698636,-73.6690217256546
611,Melville / de Maisonneuve,3,7,15,45.48184019359366,-73.59537899494171
612,Union / René-Lévesque,25,6,31,45.50235036136798,-73.56658279895781
613,Jeanne-Mance / René-Lévesque,53,4,58,45.5063713381299,-73.5642009973526
614,Bloomfield / Ball,8,10,19,45.52995941738481,-73.6329460144043
615,Laforest / Dudemaine,14,8,23,45.539806548176045,-73.6872661113739
616,Sanguinet / de Maisonneuve,29,2,31,45.51340553558378,-73.56259435415267
617,St-Denis / Ste-Catherine,23,20,43,45.51372291221464,-73.5603104531765
618,Ste-Catherine / Sanguinet,45,2,47,45.512936177874096,-73.56124520301817
619,Notre-Dame-de-Grâce / Décarie,7,8,15,45.477384955188235,-73.61527817789465
620,St-Urbain / de la Gauchetière,35,7,43,45.50707812811467,-73.56139540672302
621,Parc Père-Marquette ( de Bellechasse / de Lanaudière),15,3,23,45.53935355552782,-73.59537363052368
622,Métro Papineau (Cartier / Ste-Catherine),15,9,24,45.52353,-73.55199
623,de Maisonneuve / Greene,18,0,19,45.48697062,-73.58929306
624,Drummond / Ste-Catherine,23,8,31,45.49863930330429,-73.57422709465027
625,Mansfield / Cathcart,13,14,27,45.500989292488576,-73.57050284743309
626,Ste-Catherine / Bishop,5,14,19,45.49658063218649,-73.5762146115303
627,Chomedey / de Maisonneuve,19,7,27,45.491750449903954,-73.58394473791122
628,Gilford / des Érables,12,3,15,45.53728040418993,-73.57534691691399
629,Fullum / Terrasse Mercure,17,1,19,45.535541603465234,-73.56593906879425
630,University / Prince-Arthur,12,33,47,45.5074794530521,-73.57864737510681
631,Gare Bois-de-Boulogne,3,19,23,45.53972553109637,-73.67716491222382
632,St-Sylvestre / St-Charles,2,19,23,45.53632382385609,-73.51224955918042
633,Casgrain / Maguire,10,3,15,45.525762548812956,-73.59485328197479
634,de Gaspé / Jarry,17,1,19,45.540780049797995,-73.63040059804916
635,Legrand / Cartier,10,3,15,45.55233742797057,-73.70748996734619
636,St-Dominique / Jean-Talon,30,1,31,45.53520398241678,-73.6175217570053
637,Chabot / Villeray,13,0,15,45.552289376429215,-73.61300647258759
638,Ouimet / Goineau,21,4,27,45.57504823374693,-73.68799567222595
639,Guizot / St-Denis,23,0,23,45.543423548290185,-73.63246187567711
640,Egan / Laurendeau,5,8,14,45.45290792768395,-73.58918591405198
641,Métro Plamondon (de Kent / Victoria),3,16,19,45.494686752797904,-73.63871866467889
642,St-Dominique / St-Viateur,7,23,31,45.52655700191558,-73.5982757806778
643,St-Charles / Grant,3,15,19,45.539824,-73.508752
644,Marquette / du Mont-Royal,13,7,23,45.53221791147474,-73.57543140649796
645,St-André / Ste-Catherine,4,22,27,45.516297540849614,-73.55801045894623
646,Métro du Collège (Cartier / Décarie),14,2,17,45.50843904979172,-73.6729645729065
647,Métro Côte-des-Neiges (Jean-Brillant / de la Côte-des-Neiges),28,1,31,45.495537539518104,-73.6222583055769
648,Monsabré / Boileau,4,12,19,45.571796348222385,-73.54152023792267
649,Notre-Dame / Guy,7,11,19,45.48984195308291,-73.56737405061722
650,Chabanel / Tolhurst,13,7,23,45.540105018786974,-73.65347027778625
651,Pratt / Bates,6,8,15,45.51694782364431,-73.62631559371948
652,Métro Georges-Vanier (St-Antoine / Canning),8,8,17,45.4891,-73.57656
653,Fullum / Ontario,10,4,15,45.5303174,-73.5548669
654,Métro St-Michel (Shaughnessy / St-Michel),13,0,15,45.559199,-73.599658
655,Bennett / Ste-Catherine,16,3,22,45.55315915057821,-73.53263273835182
656,Louisbourg / O'Brien,12,11,23,45.53039449604383,-73.70393217686795
657,Métro Cartier,17,2,19,45.56007440937141,-73.68125259876251
658,Métro de la Savane (Décarie / de Sorel),9,9,19,45.500251758943925,-73.66171056035454
659,Alfred Laliberté / de Poutrincourt,8,9,19,45.53308032414161,-73.6945965886116
660,Clark / Fleury,3,13,19,45.54758205939525,-73.66522908210754
661,Métro Montmorency,20,3,23,45.55814299291968,-73.71942043304443
662,Ste-Catherine / St-Mathieu,11,19,31,45.49384690142783,-73.57917845249176
663,Tolhurst / Fleury,2,14,19,45.54407915308118,-73.66735741496086
664,St-Ambroise / Louis-Cyr,10,17,27,45.47519326260791,-73.58094334602356
665,Terminus Le Carrefour (Terry-Fox / Le Carrefour),15,8,23,45.56842034638607,-73.74687284231186
666,Métro Rosemont (de St-Vallier / Rosemont),22,1,23,45.531921043052655,-73.59804779291153
667,Mexico / Valois,4,21,27,45.58470514858118,-73.71925413608551
668,de Hampton / de Monkland,6,3,11,45.47117930747152,-73.6270022392273
669,2e avenue / Centrale,10,4,15,45.43289463113104,-73.59685689210892
670,Métro Mont-Royal (Pontiac / du Mont-Royal),27,9,39,45.52538954131252,-73.5820671916008
671,Laird / Glencoe,4,10,15,45.50619158460727,-73.64230799681536
672,Parc Beaubien Outremont (Stuart / St-Viateur),13,1,15,45.515969694922276,-73.60827505588531
673,Parc St-Claude (8e rue / 7e avenue),16,2,19,45.56223427759079,-73.69167619946893
674,du Souvenir / Chomedey,14,1,15,45.55188644388879,-73.74444007873535
675,Maguire / St-Laurent,11,1,15,45.524628485592636,-73.5958108305931
676,Durocher / Beaumont,20,1,23,45.52799772330074,-73.61919969320297
677,Maisonneuve / Wood,12,6,19,45.48819793805841,-73.58807051185067
678,de la Côte-Ste-Catherine / Decelles,18,0,19,45.50094101588506,-73.62563699483871
679,Métro Jean-Talon (Berri / Jean-Talon),16,2,19,45.53900036432657,-73.6142510175705
680,Métro Sherbrooke (de Rigaud / Berri),22,4,27,45.51814312154928,-73.56800436973572
681,University / des Pins,26,8,35,45.50817464963893,-73.58002064942411
682,Christophe Colomb / Gilford,14,0,15,45.52970275925261,-73.58288526535034
683,Gilford / St-Denis,13,22,39,45.52500713558964,-73.585617095232
684,Notre-Dame / de la Montagne,8,19,27,45.49302901258371,-73.56481790542603
685,Milton / University,37,1,39,45.50651983995355,-73.57640504837036
686,Metcalfe / de Maisonneuve,16,13,31,45.501804363327565,-73.57434511184692
687,Marché Atwater,16,13,32,45.48020822800015,-73.57759863138199
688,de la Commune / Queen,28,5,35,45.49684196538493,-73.55289280414581
689,Hutchison / Beaubien,12,10,26,45.52605851018324,-73.61296892166138
690,Drolet / Gounod,14,5,19,45.54095134225734,-73.62637460231781
691,de Gaspé / de Liège,19,3,23,45.54248521237199,-73.63634169101715
692,de l'Hotel-de-Ville / Ontario,21,4,27,45.51374520222444,-73.56666326522826
693,de Gaspé / Villeray,14,1,15,45.53888723230076,-73.62390697002411
694,Drummond / de Maisonneuve,17,29,47,45.499515390738885,-73.57602953910826
695,Parc Jean-Drapeau (Chemin Macdonald),23,11,35,45.51252079509179,-73.53200376033783
696,St-Urbain / Prince-Arthur,24,1,27,45.51264267313489,-73.57343316078186
697,Jeanne-Mance / Prince-Arthur,13,15,31,45.511162116038015,-73.57514441013335
698,Hôpital Maisonneuve-Rosemont (Rosemont / Chatelain),25,4,31,45.575707,-73.561562
699,Bélanger / St-Laurent,20,0,23,45.53313989048685,-73.61472845077515
700,Marmier / St-Denis,26,0,27,45.530757980151904,-73.59845817089081
701,Robert-Bourassa / St-Maurice,9,13,23,45.49837045828952,-73.56055587530136
702,Métro Charlevoix (Centre / Charlevoix),10,16,27,45.4785381897129,-73.56931865215302
703,Émile-Duployé / Sherbrooke,17,3,23,45.52733971427933,-73.56485076248646
704,Ste-Famille / des Pins,7,2,11,45.5125667269925,-73.57640504837036
705,Villeneuve / St-Laurent,15,6,23,45.52142922483992,-73.58953826151264
706,Parc Baldwin (Fullum / Sherbrooke),4,29,35,45.53407048533949,-73.56265068054199
707,Cartier / Marie-Anne,21,1,23,45.53272890731339,-73.57200437053734
708,Aylwin / Ontario,18,9,27,45.544275457326385,-73.54516267776489
709,Queen / Wellington,39,7,47,45.49760527699099,-73.55534970760345
710,Stationnement incitatif de Montarville (de Montarville),9,10,19,45.6011635681891,-73.44999354332685
711,Quai Yvon-Julien (Marie-Victorin / de Montarville),10,12,22,45.606718042243784,-73.45692034810781
712,Stationnement incitatif de Mortagne (Ampère),15,8,23,45.57251733677832,-73.44312071800232
713,St-Joseph Lachine / 21e avenue,17,2,19,45.43352120253739,-73.68354320526123
714,du Parc / François-Foucault,0,18,23,45.605785392139126,-73.66273999214172
715,90e Avenue / Boulevard Lévesque O,18,9,27,45.53121456506295,-73.74735295772552
716,Métro St-Laurent ( de Maisonneuve / St-Laurent),11,12,24,45.51074821798916,-73.56512099504471
717,de Maisonneuve / Mansfield (nord),6,13,19,45.502386079583346,-73.57333794236183
718,Pierre-de-Coubertin / Aird,14,5,19,45.55903106539297,-73.54830354452133
719,Porte de Québec / St-André,12,7,19,45.51329411414168,-73.55057805776596
720,Laurier / St-Denis,12,2,15,45.52714838624861,-73.58947947621346
721,Frontenac / Ste-Catherine,13,5,19,45.53006276144042,-73.54559183120728
722,Garnier / Villeray,14,4,19,45.54948004519436,-73.61605471489383
723,Belmont / Robert-Bourassa,10,17,27,45.50138408104859,-73.56588006019592
724,Louis-Hémon / Rosemont,13,4,19,45.544500877623655,-73.58810484409332
725,Wellington / Gordon,7,13,23,45.46109386344247,-73.56704950332642
726,Parc des Vétérans (des Vétérans / Broadway),7,4,11,45.63147192165401,-73.50819479674101
727,Parc de l'Hôtel-de-Ville (Ste-Julie / Laurendeau),10,9,19,45.630686043767284,-73.4948467835784
728,Wellington / 3e avenue,7,12,19,45.45734622161475,-73.56757521629333
729,Wellington / Hickson,2,24,27,45.46493155172772,-73.56674909591675
730,Parc de Montréal-Est (Notre-Dame / David),1,16,19,45.61316323215739,-73.50989364087582
731,Centre récréatif Édouard-Rivet (Notre-Dame / Lesage),5,10,15,45.62846158049899,-73.49952153861523
732,Mansfield / Ste-Catherine,12,1,19,45.50140664031126,-73.57165485620499
733,Lanaudière / Jean-Talon,14,0,15,45.545350334193245,-73.61032962799072
734,Lincoln / du Fort,11,3,15,45.4930266623113,-73.58389592183812
735,St-Dominique / de Bellechasse,28,2,31,45.52952466565309,-73.60488876700401
736,du Canal / McLaughlin,7,6,15,45.42969214118378,-73.6694884300232
737,de la Peltrie / de la Côte-des-Neiges,13,10,23,45.499797390231926,-73.6301752924919
738,Plessis / Logan,15,3,19,45.5218942750191,-73.55725058932876
739,de Maisonneuve / Mansfield SE,11,10,23,45.50229349416256,-73.5733064264059
740,Duluth / St-Laurent,8,5,15,45.51705439248423,-73.57926428318024
741,Parc J.-Arthur-Champagne (de Chambly / du Mont-Royal),16,3,19,45.551584,-73.561916
742,Bloomfield / Bernard,26,1,27,45.520338193708305,-73.60775470733641
743,de Laprairie / Centre,11,4,15,45.48059248038378,-73.56577813625336
